1.647112242604543e-10,3.209684561277868e-11,1.8466257140775925e-10,4.308285048322542e-10,2.1215668574219058e-10,2.0088277711521726e-9,3.890747632909195e-11,1.1057096743245259e-10,2.7124490135769128e-11,1.8244129821302975e-10,5.045562992736858e-10,3.9899548246576114e-10,1.037759579778364e-9,1.6556520393731212e-10,1.1208304273847441e-10,3.545501538661364e-11,2.2232604218109788e-10,3.090860276770499e-10,8.650995331752664e-11,5.582245624198443e-10,5.875612422959449e-10,3.645675696693957e-10,1.0901332862092941e-10,4.3001424419357236e-11,1.4045111421700293e-11,2.339671025316023e-10,1.7895433543231828e-10,1.0011877127271982e-8,2.628602971042553e-9,6.027378860013258e-10,1.8041863445519313e-10,1.6836815235683957e-10,1.0947290291600494e-10,4.31645321634169e-11,1.6042301063434653e-11,1.5267682224570586e-10,2.1954396779377877e-10,3.9196243018592397e-10,6.155666740614132e-9,4.6169915878686534e-10,2.7204501597135833e-10,1.4152080930088844e-10,3.587343803914571e-10,3.051045184449041e-10,3.591446910659465e-10,1.9801682131062074e-10,1.4350043608071666e-10,1.125496600922074e-10,1.2358257952844685e-11,5.0300619231592295e-11,5.0100559302508254e-11,3.422297778358787e-11,9.342889523398157e-12,4.774015441066312e-11,2.8260146485123278e-11,2.3206926212625114e-10,1.1243409074433755e-11,3.776663673556217e-10,2.6325658443176524e-10,4.1242716687454107e-10,1.5010111005703228e-10
0.2659311495226846,0.2586301754264869,0.2506542254366894,0.2419899968099953,0.23264066135274475,0.22263016928106596,0.2120070116165773,0.20084665632475104,0.18925181215163062,0.17734983732144965,0.16528704642995945,0.1532203168608886,0.14130706815607796,0.12969513357614562,0.1185140759907084,0.10786910579517694,0.09783810304230192,0.08847157864704455,0.07979493329675096,0.07181216860482192,0.06451023836314519,0.057863403933950376,0.0518371802461257,0.046391661014150376,0.041484162870121175,0.03707122372509965,0.033110040403050454,0.02955944822274352,0.026380543417589167,0.023537037591756193,0.020995418028624663,0.018724972177561933,0.016697720819828378,0.014888292912136461,0.013273765971071445,0.011833488843937649,0.010548898456353017,0.009403338272296672,0.008381883425642767,0.007471175515846779,0.006659268692093009,0.005935487716670304,0.005290298076772079,0.004715187813543497,0.004202560491660481,0.0037456385942514115,0.003338376562220145,0.002975382679621457,0.002651849020937309,0.0023634887096881736,0.0021064797826598316,0.0018774150048675247,0.0016732570329302963,0.0014912983771417979,0.001329125662957381,0.0011845877401805013,0.0010557672328717642,0.0009409551637102112,0.000838628324206386,0.0007474290961270979,0.0006661474603792207
0.3836912226035551,0.37787976961812025,0.37137700844189653,0.3641147847614208,0.3560251096578782,0.3470435845274521,0.3371141491928243,0.3261952516017022,0.3142672957119632,0.3013408306196552,0.28746442781652753,0.2727306803379016,0.2572784826537384,0.24128999158282352,0.22498158278927122,0.2085895537604907,0.19235278423901597,0.17649542304544844,0.1612125462700393,0.14666072991621487,0.13295409430972457,0.1201651655225645,0.10832919443662924,0.0974504111354501,0.08750890855926424,0.07846723369588882,0.07027615470456051,0.06287938292301792,0.056217236528491685,0.050229349630246126,0.04485658145256887,0.040042289546748,0.035733117723880777,0.03187942642050043,0.028435468092774262,0.025359386930469692,0.022613102351770352,0.02016211975587829,0.017975299598679675,0.016024606481425518,0.014284853013224406,0.012733448178610305,0.011350156351131352,0.010116870571195334,0.00901740196448426,0.008037285998490663,0.007163605497346281,0.006384829840718508,0.005690669475191925,0.005071944704547342,0.004520467654749326,0.004028936299435462,0.0035908394602003706,0.0032003717484819544,0.0028523574814336688,0.002542182676376617,0.0022657343023215638,0.002019346039813171,0.001799749869872698,0.0016040328784433261,0.0014295987234012003
0.4594554846128667,0.4550323621884711,0.4500413554849308,0.4444108844903646,0.43806234193130045,0.43091068118811926,0.4228658245859072,0.413835260364598,0.40372825916471755,0.3924621373670178,0.3799708517740976,0.3662158374434245,0.3511983309336354,0.33497149332870596,0.3176497054206454,0.2994119318650734,0.2804965931435282,0.2611871771504652,0.24179040780820849,0.2226110716490015,0.20392848318235984,0.1859786877618255,0.16894444341823278,0.152952831205359,0.13807882976026248,0.12435260880526697,0.11176845215650773,0.10029375325326052,0.089877130176038,0.0804552108021704,0.07195798616182202,0.06431283257413652,0.057447398000503455,0.051291574192432715,0.045778764351906,0.04084662687242215,0.03643744165936372,0.03249821305804121,0.028980595406811957,0.0258407044697813,0.023038860230905112,0.02053929305033385,0.018309835182783497,0.0163216123726502,0.014548745017701415,0.012968064705808937,0.011558849366437283,0.010302578529366831,0.009182709015324976,0.008184470626740693,0.007294680937758695,0.006501578012498796,0.00579466974538983,0.0051645984727859235,0.004603019519248349,0.00410249239293917,0.003656383417476258,0.003258778672057579,0.002904406200583148,0.002588566539844965,0.0023070707030179867
0.5148344483017394,0.5114249164381717,0.507566493487889,0.5031977819304273,0.4982491413884812,0.4926419825931173,0.4862882977490688,0.479090647444984,0.4709429317085516,0.4617324044110931,0.4513435257779851,0.43966433610304645,0.4265959774776607,0.41206564356259684,0.3960424456063972,0.37855439821294457,0.35970319461834943,0.3396723291234163,0.31872437456862845,0.29718544378543604,0.2754185928668568,0.25379152284123285,0.2326455587896031,0.21227181387571026,0.19289753220762046,0.17468246848341779,0.15772304526020003,0.1420612740736849,0.1276956982079085,0.11459236950896814,0.10269468308593713,0.0919315434476035,0.08222376692478514,0.07348886633868684,0.06564447008229866,0.05861065140134578,0.052311423627268046,0.04667561852231315,0.041637322129878473,0.03713600281902137,0.0331164325179348,0.029528475059594758,0.026326794601166336,0.023470521277651132,0.020922899584151975,0.018650936513957977,0.016625060426854167,0.014818797357780439,0.013208468517359986,0.01177291071875731,0.010493220119947584,0.009352518799277652,0.008335743142182557,0.007429452705506793,0.006621658069932106,0.005901666138933753,0.005259941358221346,0.004687981387532076,0.00417820583970657,0.0037238567981971948,0.0033189099258228057
0.5589055015143869,0.5562147457558512,0.553167948246936,0.5497151382524168,0.5457989213561286,0.5413534372493896,0.5363032729777255,0.5305624127070138,0.524033369721401,0.5166067444149558,0.5081615920533187,0.49856716740079376,0.4876868206367902,0.475384987793318,0.46153821564126063,0.4460507686610804,0.42887433592947644,0.41002958557376235,0.38962514633806594,0.36786803649147043,0.3450600069579963,0.321577518859362,0.29783824540882614,0.2742615622831284,0.25123201360094766,0.2290726758471673,0.2080312727287014,0.1882780542819275,0.16991221682024765,0.15297312983233222,0.13745324081403804,0.12331054532676983,0.11047947099563846,0.0988797349852459,0.08842317507448094,0.07901878193287622,0.07057624664403181,0.06300834289670597,0.05623242896131701,0.05017130574813605,0.04475361751625249,0.03991393751654374,0.03559264420628558,0.031735664727464134,0.028294140201224217,0.02522405085587303,0.022485826886387304,0.020043962199886484,0.017866641983737303,0.01592539067364615,0.01419474388929385,0.012651945864244162,0.011276672544522463,0.010050779662483217,0.008958074561749197,0.007984110250311337,0.007116000016876854,0.006342250908192854,0.005652614394805259,0.005037952624450988,0.004490118758262336
0.5965273223847571,0.5943047462249009,0.5917958964696087,0.5889623560911257,0.5857603259445024,0.5821398946681124,0.5780442556572465,0.5733998327584505,0.5681114785989558,0.5620839727895188,0.5552088943264099,0.5473636118451147,0.5384114841715147,0.5282037125273678,0.5165838546523472,0.503396249960997,0.48849959495212564,0.471786323786296,0.4532069370295504,0.4327959122656269,0.4106930037842879,0.3871522184714717,0.36253238141717675,0.3372684001753005,0.3118289838234003,0.2866710754152439,0.26220126949657,0.2387506261069691,0.21656420848238936,0.19580281779875994,0.17655271450168794,0.15883921557098302,0.14264106804571777,0.1279036924852131,0.11455037756456492,0.10249117564859081,0.09162963170819383,0.0818676551529161,0.07310889454820528,0.06526095751624388,0.058236770332633844,0.05195531566889404,0.04634193371453572,0.04132832623740897,0.03685236619485633,0.032857786769868697,0.029293801967494155,0.026114694808063135,0.023279397434611823,0.02075107904729845,0.01849675163366763,0.016486899319705164,0.014695134323411213,0.013097880579246515,0.01167408484676249,0.010404954322847779,0.009273719302828005,0.008265419180236858,0.007366709966703827,0.006565691502126677,0.005851752575711289
0.6308182987227829,0.6289443454747301,0.6268277697159447,0.624435512072361,0.6217296727488925,0.6186667616309478,0.615196844204189,0.6112625839245076,0.6067981947538031,0.6017283407705613,0.5959670587541527,0.589416842217531,0.5819681209465334,0.5734936390501172,0.5638073421088987,0.5527331532512458,0.5400958162153293,0.5257235571564378,0.5094657023851799,0.4912172459147427,0.4709483831951329,0.4487335253836137,0.4247711587213904,0.39938560978794274,0.3730060631102671,0.34612585648808303,0.3192520715937663,0.2928578330419814,0.2673468576270984,0.24303419004474,0.22014193735077447,0.1988059348181534,0.17908865867368112,0.1609944766301292,0.14448459001563127,0.1294902038577466,0.11592333527132415,0.10368521693768247,0.09267254069995785,0.08278190220593339,0.07391282272861394,0.0659696887450919,0.05886289442854724,0.05250941400185951,0.0468329781796681,0.04176398480163787,0.037239238613477436,0.033201588093652194,0.02959950690639517,0.02638665260204566,0.023521424349281644,0.02096653374760896,0.0186885973231653,0.01665775553481875,0.014847320543682237,0.013233453282053003,0.01179486924517564,0.01051257173865741,0.009369610914979083,0.008350866731398275,0.007442853892491749
0.6622703853026681,0.6607012519193163,0.6589287060422749,0.6569248693373544,0.6546576958852823,0.652090283189635,0.649180064354546,0.6458778658620684,0.6421268184034621,0.637861116226959,0.6330046372825551,0.6274694682288234,0.621154434597614,0.6139438307314589,0.605706693930451,0.596297189518831,0.5855569713994283,0.5733169484483683,0.5593507542261171,0.5434620874013343,0.5255043242673867,0.5053960709703315,0.48315517151820764,0.4589270191724667,0.43299625615061743,0.405773958422327,0.3777605377293746,0.3494935518943724,0.32149408807473967,0.29422353171733434,0.2680567700633727,0.24327197708811274,0.22005341472220874,0.19850246565356336,0.17865256789431957,0.16048488813749015,0.14394279754292172,0.12894419702828255,0.11539140786870541,0.10317873731095831,0.09219802257974079,0.0823425218437642,0.07350951286467397,0.06560191682292434,0.05852920925251539,0.05220782479503356,0.046561213606723335,0.04151966680309322,0.03701999629868327,0.033005129828595,0.029423663532303777,0.026229400954339635,0.0233808975379597,0.020841022723754273,0.018576546878457046,0.016557756904885798,0.014758102097573028,0.013153870296506297,0.011723893424335087,0.010449280904992019,0.0093131791350743
0.6911203539791362,0.6898123595419596,0.6883349960706696,0.6866650515574307,0.684775821183553,0.6826365130512035,0.6802115414127587,0.677459686339461,0.6743330966297791,0.6707761121724986,0.6667238848196402,0.6621007864337043,0.6568186149457285,0.6507746536933917,0.6438497215204945,0.6359064942926689,0.6267886132381445,0.6163214522814244,0.6043158990449092,0.5905770260216804,0.5749192708739769,0.5571539261051663,0.5371458485666593,0.514867635451199,0.49041977059051084,0.46405038163939905,0.4361494680047757,0.4072153363311057,0.3778017874713972,0.3484608624915577,0.3196946561890612,0.2919235148849894,0.26547143597090145,0.24056540935859366,0.21734404455759748,0.1958711573308402,0.17615103640471835,0.1581432432944361,0.14177574088797643,0.12695582915061376,0.11357881019505274,0.10153456091162405,0.09071231350998651,0.08100397960244732,0.07230633812380657,0.06452236697333581,0.05756194917948611,0.051342136093104,0.045787107313170726,0.040827931465307644,0.0364022036338273,0.03245361341942112,0.028931481179996554,0.025790287915511,0.02298921549701459,0.020491707696995765,0.01826505810015479,0.016280027957306025,0.014510495009592957,0.012933132973519633,0.011527120532340769
0.7175983234493514,0.7165112394134494,0.715283741002518,0.713896650549369,0.7123279099471866,0.7105520863110178,0.7085397801959885,0.7062569155672138,0.7036638866930099,0.7007145329650081,0.6973549089983963,0.6935218156067824,0.6891410600476341,0.6841254262577092,0.6783723665444271,0.6717614907519746,0.6641520526128126,0.6553808545419088,0.6452613631096901,0.6335853967198319,0.6201295058030288,0.6046689153807533,0.5870020290334256,0.5669896781305582,0.5445987349036637,0.5198991959915839,0.4931109528371885,0.4646071225290682,0.43488262057205446,0.4045001132130953,0.37402983920091054,0.3439985518119493,0.3148555280463803,0.28695620222235285,0.260559765136579,0.2358359684893331,0.21287699170221996,0.19171136076508852,0.1723179540411036,0.15463892061914422,0.13859089280846756,0.12407425480201288,0.11098048122449929,0.09919771331636218,0.08861482019409046,0.07912421851456294,0.07062371444084699,0.06301760243607492,0.05621721754483831,0.050141098990188496,0.04471488740186204,0.03987104773918362,0.035548485433228985,0.031692104075457014,0.02825233837709138,0.025184685267102234,0.02244924808244992,0.020010303138518853,0.017835893983074717,0.015897455888626462,0.014169471284844406
0.7419183622458883,0.7410167009736037,0.7399989488978203,0.7388493350739264,0.737549735603085,0.7360792709475376,0.734413822763225,0.7325254520653538,0.7303816963039121,0.7279447178944664,0.7251702710031999,0.722006447272979,0.7183921555972651,0.7142552879647102,0.709510526774431,0.7040567664749118,0.6977741679564099,0.6905209626921942,0.6821303168534661,0.6724079175565023,0.6611315371342921,0.6480547329806292,0.6329179792102011,0.6154714210665876,0.5955128066428156,0.5729424573035106,0.5479039594088168,0.5206509244424258,0.491548348035222,0.46109260778676375,0.42985446678571443,0.3984152788230614,0.36731390745365916,0.3370127218230577,0.30788221373110775,0.28019935636406446,0.25415427590381184,0.2298610734744767,0.207370169362801,0.18668069031367104,0.16775210569477275,0.15051468245989827,0.13487852986175297,0.12074114072854406,0.10799344511832895,0.09652447903141405,0.08622483072526624,0.07698905804139693,0.06871727558442534,0.06131609766021617,0.05469909928874926,0.04878692978978579,0.04350718584053078,0.03879412608033553,0.034588288406936285,0.030836054260426436,0.027489191096425954,0.024504394353788445,0.021842842916419365,0.019469776787321397,0.017354101950696522
0.7642747223088784,0.7635279292963295,0.7626853259147568,0.7617339787267804,0.7606590428223963,0.7594434377778359,0.7580674589060415,0.756508308845331,0.7547395307653342,0.7527303197751828,0.7504446833462588,0.7478404146190519,0.7448678344304169,0.7414682492480362,0.7375720642392671,0.7330964864019572,0.7279427582246528,0.7219928898899666,0.7151059305053559,0.707113977414646,0.6978184366443108,0.6869876216239433,0.6743577363403008,0.6596406877626211,0.642543726538267,0.6228064634466406,0.6002577858713558,0.5748868742490365,0.5470739106426742,0.5173201327724894,0.4861321230323196,0.4540930188558388,0.42179363622648397,0.3897772127050343,0.35850657449237616,0.3283518010474776,0.2995917075543454,0.2724225423308592,0.24696934088225375,0.22329748369032396,0.201423458686897,0.18132459057497077,0.16294777294902246,0.14621726041183983,0.13104152230589278,0.1173191218283076,0.10494359141941345,0.09380731592298835,0.08380448577750775,0.07483322460476438,0.06679702012290957,0.059605593874224844,0.05317533801171222,0.04742943180979405,0.04229773144852028,0.03771650734487037,0.033628085837078915,0.029980437254658043,0.026726740508053796,0.023824945096772892,0.021237344475980708
0.7848412792763906,0.7842234186815095,0.7835265788978474,0.782740170771165,0.7818520571533173,0.7808482939840931,0.779712820161551,0.7784270843138581,0.7769695934878993,0.7753153648253028,0.7734352562920228,0.7712951462255189,0.7688549236331061,0.7660672416696837,0.7628759756518974,0.7592143150496143,0.7550024081813252,0.7501444735925584,0.7445253034324472,0.7380061318336334,0.7304199640218759,0.7215667294365136,0.7112091505853522,0.6990711745548791,0.6848423561375585,0.6681936332257845,0.6488115931943625,0.6264569533239388,0.601044171740164,0.5727271400702916,0.5422257780779343,0.5102554464752405,0.47741889939611926,0.4443186784394673,0.4114991390100966,0.3794152824894352,0.3484246399652151,0.31879342021585894,0.29070895655865625,0.26429331302203984,0.23961552551638798,0.2167017070733973,0.19554318593039716,0.1761031992468151,0.15832266186927574,0.14212535719677788,0.1274226943169532,0.11411802450438702,0.1021104393553628,0.09129797153013386,0.08158015840463653,0.07285997995543549,0.06504522549497106,0.058049371067336764,0.05179206011325636,0.0461992782170849,0.04120330318530209,0.03674249854518431,0.03276100472189368,0.029208369376637632,0.026039147477735804
0.8037725619705072,0.8032618079096853,0.8026860024757271,0.8020364839350045,0.8013033389645191,0.800475196583567,0.7995389819321611,0.7984796206337218,0.797279682037386,0.7959189464936147,0.7943738777717341,0.7926169765261056,0.7906159840527162,0.7883328971061315,0.7857227439337146,0.7827320587283972,0.7792969766135606,0.7753408552704044,0.7707713158401771,0.7654765928614587,0.7593211080922594,0.7521402712394204,0.7437347291552583,0.7338647542682922,0.7222463751732097,0.7085524496374108,0.692424275468123,0.6735019354330253,0.6514819217619957,0.6262034624918487,0.5977454300565845,0.5665310664233847,0.5336897010625289,0.5000168550847339,0.4661310033495434,0.432577348000274,0.3997986778836685,0.36813210115645173,0.3378205349060961,0.3090296863022332,0.2818649370267989,0.2563855486599336,0.23261548141700306,0.21055112017241628,0.1901666463718506,0.1714178963256284,0.15424543782872907,0.1385773748403274,0.12433213807005561,0.11142130585607352,0.09975236432869113,0.08923126461819376,0.07976464822990004,0.0712616596800932,0.06363532115092133,0.05680349023679205,0.05068945198870944,0.04522221070553441,0.040336549024184314,0.035972916339409196,0.03207719928102542
0.8212054776515185,0.8207835628345374,0.8203081002951254,0.819772008409724,0.8191671943250943,0.8184843902759844,0.8177129585894971,0.8168406582455309,0.8158533639845627,0.8147347265272452,0.813465759324934,0.8120243331748858,0.8103845547231938,0.8085159979831533,0.8063827490812934,0.8039422130185666,0.8011436168370987,0.7979261259828735,0.7942164703328689,0.7899259555406891,0.7849467201864933,0.7791471040884026,0.7723660490824545,0.7644066235448073,0.7550291655927304,0.7439453849016688,0.7308163532186556,0.715259926226946,0.6968765024404185,0.6753040214359805,0.6503081119376496,0.6218938145513463,0.5903936702577989,0.5566372892677224,0.5220557914651022,0.48736254399588275,0.4531044718956893,0.41971017181629805,0.38749206163774674,0.35666343287166574,0.3273599676351232,0.29965997346878154,0.2736009523913098,0.24919197256111997,0.22642218667520686,0.2052662094419138,0.1856871924916609,0.16763843371671544,0.15106426633500136,0.1359008065041072,0.12207692328812018,0.1095155741806844,0.09813546913299691,0.08785291605882359,0.07858366531478603,0.07024459227147445,0.06275510903671938,0.05603825439562415,0.05002145956211911,0.044637020104642,0.03982232166784969
0.8372612770971646,0.8369129670507445,0.8365205990214954,0.8360783845876517,0.8355797183920227,0.8350170482186485,0.8343817207200622,0.833663797345813,0.8328518336003085,0.8319326129180227,0.8308908240538402,0.8297086677690593,0.8283653745149593,0.8268366094672402,0.8250937342451667,0.823102885450749,0.820823818169942,0.8182084471069723,0.815198998466248,0.81172566188806,0.8077036048192835,0.803029185983044,0.7975751915932228,0.7911849443641537,0.7836652586640167,0.7747785510240751,0.7642351783196374,0.7516886146467368,0.7367388085844236,0.7189530231488027,0.6979169663733072,0.6733263788131862,0.6451108210248878,0.6135449557534078,0.5792754224736537,0.5436891977481642,0.508137651892872,0.4731716100695241,0.4392042234799259,0.4065210336955121,0.37530276516490235,0.3456510702741369,0.31761159782330417,0.291192484936039,0.26637815714793994,0.24313899350418827,0.22143758318613851,0.2012322920189489,0.18247881401175026,0.16513034816981564,0.14913700580989805,0.13444499056921955,0.12099598093471226,0.10872698616714185,0.09757076946304312,0.08745677729998816,0.07831241304426557,0.07006445658536223,0.06264044921743842,0.05596991183928233,0.04998532216028475
0.8522694185382218,0.8519852533269322,0.8516652472534544,0.8513047181847888,0.8508983299504288,0.8504399899646135,0.8499227280274578,0.8493385521649051,0.8486782762979732,0.8479313131487012,0.8470854239922436,0.8461264145155002,0.8450377629586531,0.8438001626498374,0.8423909556619232,0.8407834271807505,0.8389459206924411,0.8368407215260175,0.8344226397144187,0.8316372015564271,0.828418331823497,0.8246853752258098,0.8203392688947849,0.8152576455598721,0.8092886416466957,0.802243256651863,0.7938863696515527,0.7839271845698185,0.7720113384559081,0.757719727520927,0.7405836690227189,0.7201311823869113,0.6959793574157981,0.6679711387615703,0.6363135025908949,0.6016329839010356,0.5648853920360417,0.5271529974175018,0.4894388220772459,0.45254350272107097,0.41703452802647173,0.38327244616221057,0.351457370274194,0.3216746991709465,0.2939321960932929,0.26818742443028026,0.2443670489616798,0.22237998578427956,0.20212613806326885,0.1835020534184589,0.16640447555770252,0.15073248135268846,0.13638868873540697,0.12327987304650684,0.11131722348983543,0.10041639496461248,0.09049745542085601,0.08148478946079898,0.07330699140538509,0.0658967627071127,0.0591908172429729
0.865820466607353,0.8655863029842277,0.8653226938701422,0.8650258156716605,0.864691316590531,0.8643142354031292,0.8638889056477614,0.8634088420828907,0.8628666054836474,0.8622536408175833,0.8615600825092742,0.8607745187667308,0.8598837046647017,0.8588722106761808,0.8577219893619487,0.8564118376268787,0.854916724866277,0.853206947831979,0.8512470603209868,0.8489945087732477,0.8463978822892273,0.8433946561107272,0.8399082703506088,0.8358443415341189,0.831085758958588,0.8254863883733972,0.8188631360690873,0.8109863179671583,0.8015688434834597,0.7902560690132587,0.77662095203667,0.7601739999018957,0.7404038583792745,0.7168671082978642,0.6893318596372375,0.6579361882438327,0.623269996653736,0.5862984952999784,0.5481496307006226,0.5098851708403619,0.47235832562727487,0.4361748852788514,0.40171957089419164,0.36920594728635164,0.3387258069653297,0.3102891154741284,0.2838534230945771,0.2593444493246159,0.2366700384746858,0.215729383072421,0.19641895416992938,0.1786361748854987,0.1622815685945233,0.14725989526537692,0.1334806364487947,0.12085808157130513,0.10931119084692387,0.09876335350177098,0.08914211791281704,0.0803789389322344,0.07240896480330095
0.8782891673267783,0.8780962714517827,0.8778791870978114,0.8776347909190194,0.8773595326241365,0.8770493704548042,0.8766996953383156,0.8763052413387246,0.8758599794399625,0.8753569909357054,0.8747883157195447,0.8741447694928272,0.8734157222378526,0.8725888281065461,0.8716496939653131,0.8705814699629695,0.8693643403030032,0.8679748854266726,0.8663852773967193,0.8645622575295552,0.8624658280868015,0.8600475666182851,0.8572484406099674,0.8539959597804433,0.8502004531384184,0.8457502009262059,0.8405051009278246,0.8342885413397413,0.8268772792016997,0.8179895868803511,0.8072731405229578,0.794296803099492,0.778555497636859,0.7595047244363567,0.736646476106064,0.7096774642271004,0.6786659736142879,0.64416021377987,0.6071276720177793,0.5687349275780118,0.5300965728718888,0.4921138830913702,0.45542784764365074,0.4204454519763906,0.38739264738962603,0.3563670250976272,0.32738031981416743,0.3003895865109821,0.27531895144149615,0.2520743348086485,0.23055318367846683,0.21065074158693725,0.1922639402640911,0.1752936707667697,0.15964596121850913,0.1452324306615045,0.1319702806521051,0.11978201136433812,0.10859499549697076,0.09834100361168595,0.08895574397926126
0.8897543962798724,0.8895955533975003,0.8894168434753404,0.8892157145324999,0.8889892691874176,0.8887342133235646,0.8884467959506802,0.8881227384606616,0.887757151039765,0.8873444334386531,0.8868781565804271,0.8863509205519993,0.8857541833054918,0.8850780527975688,0.8843110331839128,0.8834397128818959,0.88244837856571,0.8813185341163923,0.8800282967302648,0.8785516331221181,0.8768573861190514,0.8749080246705994,0.8726580267402985,0.8700517726178255,0.8670207836024459,0.8634800859922721,0.8593234137854945,0.8544168945038185,0.8485908211516381,0.8416291793960949,0.833256961902833,0.8231263684991537,0.8108055283933601,0.795778495379436,0.7774734533477596,0.7553436427051156,0.7290182096200905,0.6984956333177951,0.6642785416469726,0.6273307793863655,0.5888515057571471,0.5500028720848043,0.5117300927826374,0.4747065074837575,0.43935969922709045,0.40592722618400423,0.37451222158635167,0.34512812863752396,0.317731395485799,0.29224422798320726,0.26856998442336516,0.24660338017680206,0.2262371069442063,0.2073659948460616,0.18988949484236098,0.17371301526706115,0.158748481147042,0.14491437419793438,0.1321354370680815,0.12034217503307354,0.10947025335541792
0.900286958806636,0.9001562165032191,0.9000091605095246,0.8998437053651396,0.8996574859538404,0.8994478165970763,0.8992116432897359,0.8989454877113864,0.898645381322013,0.8983067874380314,0.8979245086543839,0.897492576294756,0.8970041176842528,0.8964511958790558,0.8958246149622667,0.895113681996135,0.8943059140296155,0.8933866749500651,0.8923387220916958,0.8911416358865364,0.8897710967850456,0.8881979612310881,0.8863870713298129,0.8842957092019254,0.8818715745238322,0.8790501195682342,0.8757510173579399,0.871873464216743,0.867289933310631,0.8618379240165066,0.8553092617554561,0.8474367678684701,0.8378790343418647,0.82620639901158,0.8118963053045852,0.7943550656183661,0.7729928509980436,0.7473752651486016,0.7174314599193113,0.6836152456893293,0.6468816073774106,0.6084569010345039,0.5695461375932972,0.5311348000858007,0.4939261230869458,0.4583670079451395,0.42470626198298805,0.39305278599027327,0.36342222660080337,0.3357709420716842,0.31001957595015917,0.28606899592717505,0.26381088211865544,0.24313464011260594,0.22393180748647332,0.20609875285848062,0.1895382107345435,0.17416002220330692,0.15988133519571215,0.14662644010702208,0.13432636448712434
0.9099504493677725,0.9098429059953552,0.9097219727140483,0.9095859453995248,0.9094328933664085,0.9092606267240899,0.909066658380359,0.908848159653677,0.9086019082145221,0.9083242267711911,0.9080109105260232,0.9076571409279119,0.9072573826006974,0.9068052594865498,0.9062934051431555,0.9057132806833669,0.9050549519214588,0.9043068147180551,0.9034552540537188,0.9024842176680233,0.9013746786945985,0.9001039529205169,0.8986448241331334,0.8969644141273585,0.895022710434945,0.8927706321372052,0.8901474689390377,0.8870774672763267,0.8834652566867275,0.8791897117814859,0.8740957467194517,0.8679834973510284,0.8605945172453298,0.8515953742044232,0.8405611895196845,0.8269666361731091,0.8102012172005598,0.7896375003886646,0.7647815996408964,0.7354940270643754,0.7021767999635447,0.6657711196887435,0.6275255249162458,0.588683610670411,0.5502678880787785,0.5130094429000319,0.477373609588381,0.44362048318988984,0.41186538728688094,0.38212716455758766,0.3543631970008381,0.3284936424730742,0.30441780077240227,0.2820249936120014,0.2612016934465064,0.24183610494519145,0.22382101914664362,0.20705549623451308,0.19144575434270916,0.17690552152543723,0.16335602675645977
0.918801237586741,0.9187128742111029,0.9186135307105079,0.9185018153147203,0.9183761526850046,0.9182347578368091,0.9180756058778917,0.9178963967703958,0.917694514146937,0.9174669769853712,0.9172103826605645,0.9169208395255093,0.9165938867035042,0.9162243981640505,0.9158064673617458,0.9153332676769572,0.9147968825229643,0.9141880971565227,0.9134961417797848,0.9127083722153472,0.9118098699391453,0.9107829370930611,0.9096064535919931,0.9082550516177729,0.906698046267599,0.9048980379316941,0.9028090693777963,0.9003741748564048,0.8975220952944076,0.8941628483117585,0.890181732984963,0.8854312276465119,0.8797201504863538,0.8727995346035891,0.8643452738820523,0.8539395239591879,0.8410576229635157,0.8250768965879377,0.8053374121734166,0.7812896062893124,0.7527258653538845,0.7199932691461999,0.6840142516732285,0.6460547088486476,0.6073929579829503,0.5690858072968142,0.5318906440885769,0.49629077557191026,0.4625579754368012,0.4308149538507427,0.4010850501534799,0.3733281379041166,0.3474654114043049,0.3233961037687714,0.3010086036199747,0.28018775226758763,0.2608195519237597,0.2427941211084674,0.22600746375124625,0.2103624369722352,0.19576918048771888
0.9268853721768229,0.926812941887171,0.9267315274708314,0.9266399943600062,0.926537059430623,0.9264212701759315,0.9262909806062217,0.9261443232712351,0.9259791766693003,0.9257931271406192,0.9255834241314659,0.9253469274481766,0.9250800447770086,0.9247786573045946,0.9244380307017513,0.9240527079872103,0.9236163798075785,0.9231217263728283,0.9225602235577544,0.9219219033577029,0.9211950557433821,0.9203658546702738,0.91941788509844,0.9183315396996536,0.9170832425046501,0.9156444406772474,0.9139802828831686,0.9120478704891044,0.90979392212196,0.9071516277643114,0.9040363796503952,0.9003399494566734,0.8959225394656369,0.89060200423711,0.8841395363124941,0.8762215580445234,0.8664392416978177,0.8542715937007221,0.8390877649482035,0.8201995822252474,0.797004550589784,0.7692261890847734,0.7371523076072608,0.7016809699048178,0.6640908492109797,0.6256920290272765,0.5875740267289258,0.5505200436136471,0.5150317356637674,0.4813935330273866,0.4497368710810975,0.4200911086677191,0.39242021048593606,0.36664802866019186,0.3426753506127259,0.3203912473403989,0.2996805401692903,0.2804286364766736,0.2625245823369954,0.24586290633057029,0.23034464509925218
0.934215887593929,0.9341569871661191,0.9340907925703339,0.9340163857127147,0.9339327290791952,0.9338386491957653,0.9337328175385583,0.9336137284353742,0.9334796734021478,0.9333287112351395,0.9331586330251872,0.9329669210649121,0.9327507003709387,0.9325066812244016,0.9322310907220589,0.9319195907969796,0.9315671794708947,0.9311680711832032,0.9307155508258524,0.9302017944891953,0.9296176477371001,0.928952349261001,0.9281931836989046,0.927325041795325,0.926329858267166,0.925185886774713,0.9238667558812216,0.9223402277809948,0.9205665499270336,0.918496244281008,0.91606711396942,0.9132001554265712,0.9097939385046991,0.9057168564640167,0.9007964752035167,0.8948051221631204,0.8874411383247253,0.8783066156414907,0.8668866020872185,0.8525444430849289,0.8345647588064206,0.8122896158496402,0.7853661021874184,0.7540120697930328,0.7190924463733592,0.6818951942942438,0.6437632444930873,0.6058221943185836,0.5688851040797497,0.5334759284584449,0.499895288861209,0.46828636029092563,0.4386870242945999,0.41106739745644943,0.3853557007732064,0.36145573246879364,0.3392585342405465,0.3186501008533086,0.2995164028899071,0.2817465835374729,0.265234913072832
0.9401550627575003,0.9401123379209437,0.9400643283989383,0.9400103706662367,0.9399497153146744,0.9398815152665122,0.9398048121971051,0.9397185208512249,0.9396214108711598,0.9395120856721766,0.9393889577974324,0.9392502200539059,0.9390938115653341,0.938917377666765,0.9387182222937982,0.938493251168421,0.9382389036260941,0.9379510703290617,0.9376249933184786,0.9372551438027559,0.9368350716627288,0.9363572187361828,0.9358126853229836,0.9351909357390389,0.9344794237167156,0.9336631113784165,0.9327238454711544,0.9316395401567036,0.9303830948189638,0.9289209449354299,0.9272110993468583,0.9252004512703859,0.9228210531660451,0.9199849039446149,0.916576597078946,0.9124429162534133,0.9073781841300489,0.9011040637762976,0.8932431961920841,0.8832891523491819,0.8705841353701941,0.8543352045397288,0.8337254854184984,0.8081697869048297,0.7776504647186622,0.7428927828155807,0.7051830889882371,0.6659617961276897,0.626488081541031,0.5877035867923451,0.5502397184872087,0.5144806812162543,0.48063173358750705,0.4487751218561027,0.4189114119356711,0.3909887087263037,0.36492289945791034,0.3406115256026593,0.3179432027707188,0.29680394402328075,0.2770813309944304
0.9472782343377549,0.9472374013309129,0.9471915263355768,0.9471399785637546,0.9470820461701218,0.9470169252786733,0.9469437073800133,0.946861364821041,0.9467687340524885,0.9466644962300187,0.9465471546777396,0.9464150086142321,0.9462661224042077,0.9460982894253862,0.9459089894189868,0.945695337908553,0.9454540259055816,0.9451812476444551,0.9448726134661876,0.944523044149174,0.9441266418939633,0.943676531708349,0.9431646649662576,0.9425815742287778,0.9419160647261995,0.9411548227863757,0.9402819143410301,0.9392781365421132,0.9381201711341638,0.9367794675661973,0.935220753940488,0.9334000304617969,0.9312618368789984,0.9287354941118849,0.9257298908582264,0.9221262108793647,0.917767784550713,0.9124460652514549,0.9058818107117831,0.8977015553750348,0.8874130031730226,0.8743921529101538,0.8579129199559561,0.8372698552470578,0.8120270876200132,0.7823130302952452,0.7489356891328321,0.7131702950709891,0.6763724594017919,0.6396853226922788,0.6039365456529432,0.5696618729710748,0.5371724975522113,0.5066217747312046,0.47805747231158024,0.4514590958045437,0.42676352645262977,0.403882337587746,0.382713393330026,0.36314856077758606,0.3450787806464728
0.9528510271607054,0.9528175289437327,0.9527798994386811,0.9527376230966141,0.9526901184577704,0.9526367293154088,0.9525767145892908,0.9525092366935908,0.9524333481416689,0.9523479760778533,0.9522519043616396,0.952143752749041,0.9520219526147269,0.9518847185312059,0.9517300148598097,0.9515555163022558,0.9513585610971658,0.9511360952043023,0.9508846053748791,0.9506000384240568,0.950277703253235,0.9499121511475257,0.9494970285031139,0.9490248942857102,0.9484869919929517,0.9478729624131202,0.9471704786368028,0.9463647779934774,0.9454380559760789,0.9443686734745749,0.9431301088097772,0.9416895572104099,0.9400060381464421,0.9380278089337615,0.9356887922881874,0.9329035945740596,0.9295605092393125,0.9255116670801695,0.9205592606396621,0.9144367343251917,0.9067846045365117,0.89712372257128,0.8848375645414525,0.8691935126249621,0.8494562549855063,0.8251357453305403,0.7962992608881595,0.7637135245725689,0.7286432204595885,0.6924535938593871,0.6563034667909621,0.62103542406896,0.587198019902777,0.5551134089139171,0.5249443874333457,0.4967468087544416,0.4705069999253389,0.44616748733576694,0.42364441688773974,0.40283926851056145,0.38364668590512657
0.9579018777761645,0.9578743983727727,0.9578435336854877,0.9578088622255629,0.9577699088689261,0.957726137729963,0.9576769440107428,0.9576216446586802,0.9575594676335951,0.9574895395458392,0.9574108713787027,0.9573223419482555,0.9572226786788861,0.9571104351789532,0.9569839649825911,0.9568413906735904,0.9566805674156681,0.9564990396672504,0.9562939895408347,0.9560621748522855,0.9557998543624168,0.9555026969949699,0.9551656708591459,0.9547829066210888,0.9543475280303654,0.9538514400321936,0.9532850616202735,0.9526369860233254,0.9518935444027702,0.9510382401244655,0.9500510075878461,0.9489072306409008,0.9475764278924221,0.9460204713961708,0.9441911447331219,0.9420267570728091,0.9394473987249637,0.9363482369128722,0.9325900017285454,0.9279855348893082,0.9222811356525145,0.9151319912578623,0.9060737263584333,0.8945003741674105,0.8796775888148065,0.8608459636468994,0.8374656276302058,0.8095429652903723,0.7777992798954165,0.7434825028930193,0.7079616682187324,0.6724069942399578,0.6376734167974267,0.6043210647696031,0.5726826728525334,0.5429305565773201,0.5151289321678254,0.48927127110145513,0.4653060299718158,0.44315413356426026,0.42272078855698875
0.9624711494686217,0.9624486088202729,0.9624232940559416,0.9623948604947152,0.9623629197793511,0.9623270341208056,0.9622867097272364,0.962241389287423,0.9621904433542591,0.9621331604443102,0.9620687356330387,0.961996257380406,0.9619146922658774,0.9618228672424288,0.9617194489320554,0.9616029193754317,0.961471547508929,0.961323355464143,0.9611560785562047,0.9609671175310123,0.9607534812556459,0.960511717529766,0.9602378290260029,0.9599271704744626,0.9595743220061568,0.959172931942889,0.9587155200934778,0.9581932295398536,0.9575955106030837,0.9569097146278279,0.9561205666033096,0.9552094732288972,0.9541536049799351,0.9529246642092006,0.9514872120211345,0.9497963680584642,0.9477946097947508,0.9454072679196319,0.9425361254264282,0.9390502677241843,0.9347730187142324,0.9294635699829741,0.9227922600240845,0.9143108095368988,0.903426514445065,0.8894077838369632,0.8714768493678751,0.8490487783957794,0.8220699515304661,0.7912125518569258,0.7577016346626756,0.7229040892194178,0.6879971556697526,0.653845493925147,0.6210195356003949,0.5898621775992398,0.5605552940396372,0.533171703140832,0.5077123105586291,0.4841317651185597,0.4623559686624408
0.9665969121147889,0.9665784238323478,0.9665576621933892,0.966534345262799,0.9665081555166142,0.9664787351874281,0.966445680959117,0.9664085379092681,0.9663667925791961,0.9663198650289626,0.9662670997073863,0.9662077549332498,0.9661409907426352,0.9660658548052395,0.9659812660487058,0.9658859955489485,0.9657786441426631,0.9656576160888265,0.9655210879406659,0.9653669715769765,0.9651928700663865,0.964996024679238,0.9647732508902886,0.9645208605913906,0.9642345669006043,0.9639093668336816,0.9635393955825801,0.9631177440610789,0.9626362284931473,0.9620850967879364,0.9614526507503168,0.9607247550435831,0.9598841920807408,0.9589098048835247,0.9577753446678928,0.9564479022615825,0.9548857459461704,0.9530353031651609,0.9508268956082423,0.9481686480382326,0.9449377233952005,0.9409676967539291,0.9360305763371339,0.9298121447390011,0.921881256497928,0.9116608032080992,0.8984260739865018,0.8813865606840845,0.859917376374184,0.8339064425873963,0.8039736471469487,0.7713152285395309,0.7372899760441743,0.7030777155664008,0.6695501563050027,0.6372867242520345,0.6066400301289163,0.5778015222583434,0.5508528464961846,0.525802633003011,0.5026120025512197
0.9703150891886405,0.970299925845782,0.9702828994839844,0.9702637794457298,0.9702423060582356,0.9702181868645463,0.9701910923343169,0.9701606509746231,0.9701264437470019,0.9700879976798474,0.9700447785444222,0.9699961824376524,0.9699415260832073,0.9698800356244393,0.9698108336346799,0.9697329240109268,0.9696451743421443,0.9695462952489983,0.9694348160718628,0.9693090561306091,0.969167090582366,0.9690067096478157,0.9688253696430641,0.9686201338157435,0.968387600403223,0.9681238145554003,0.9678241597196016,0.9674832226656243,0.9670946243807357,0.9666508063653267,0.9661427580808944,0.9655596659539765,0.9648884566862104,0.9641131965430734,0.9632142920732365,0.9621674136941154,0.9609420276412038,0.9594993675276862,0.9577895943958792,0.9557477691264534,0.953288073503048,0.9502954443785551,0.9466134247346925,0.9420266670193301,0.9362365239106406,0.9288297570650196,0.9192468210648278,0.9067736239989032,0.8906123542328593,0.8701035409346536,0.8450788363773081,0.8161032596473123,0.7843385751441334,0.7511295645574807,0.7176541715172357,0.6847884354757195,0.6531194267115867,0.6230089872855489,0.5946581338823935,0.568157560592546,0.5435239258289178
0.9736595561022636,0.9736471207368487,0.9736331586238838,0.9736174810255471,0.973599875536248,0.9735801030274557,0.9735578941755978,0.9735329455103781,0.9735049149100228,0.9734734164569134,0.9734380145512739,0.9733982171613832,0.9733534680653303,0.973303137910519,0.9732465138815589,0.9731827877230163,0.9731110418083673,0.973030232877265,0.972939172975787,0.9728365070232058,0.9727206862866932,0.9725899368624088,0.9724422220242546,0.9722751969919843,0.9720861542630581,0.9718719571130694,0.9716289581475911,0.9713528988161898,0.9710387844756169,0.970680727771651,0.970271750587551,0.969803531270587,0.9692660788364401,0.9686473086633108,0.9679324837600694,0.9671034703819403,0.9661377340200439,0.9650069676117384,0.9636751919526954,0.9620960890145609,0.9602092074518384,0.9579344950572269,0.9551643401345454,0.9517519286458419,0.9474943034666823,0.9421083667525206,0.9351993179879096,0.9262267886461261,0.9144906390219913,0.8991909358409699,0.8796391681502433,0.8556135216904052,0.8276222344815324,0.7967873194232096,0.7644337628234399,0.7317331571649852,0.6995631115265689,0.6685169395495061,0.6389651879526348,0.6111184075907763,0.5850765529643611
0.9766622050069724,0.97665200772711,0.9766405592921543,0.9766277052441604,0.9766132718107923,0.976597063426202,0.976578859917167,0.9765584133050664,0.9765354441659243,0.9765096374807518,0.9764806378963617,0.9764480443022542,0.976411403611441,0.9763702036114112,0.976323864724815,0.9762717304865682,0.976213056503254,0.9761469976097032,0.976072592873598,0.9759887480180163,0.9758942147289708,0.9757875661832666,0.9756671679628135,0.9755311433010726,0.975377331320831,0.9752032365441584,0.9750059674542909,0.9747821612187016,0.9745278907780118,0.9742385492735971,0.9739087050930254,0.9735319184600449,0.9731005071925848,0.9726052445629555,0.9720349654579646,0.9713760472417985,0.9706117173081888,0.9697211178226943,0.9686780257529768,0.9674490768819357,0.9659912665311268,0.9642483824315237,0.9621458449136483,0.9595831585076097,0.9564227950417017,0.9524738667969259,0.9474686778066114,0.9410311765223515,0.9326414486881891,0.9216162237135878,0.9071583132315805,0.8885557894087224,0.8655367357090221,0.8385513984290707,0.8086772307206909,0.7772138285050686,0.7453219970031387,0.7138781162021333,0.6834802808001028,0.6545071574743369,0.6271787561704985
0.9793529891062084,0.9793446278903806,0.9793352413930444,0.9793247031960192,0.979312871113219,0.9792995851771172,0.9792846653559714,0.9792679089627107,0.9792490877099357,0.9792279443577814,0.9792041888921593,0.9791774941597808,0.9791474908729026,0.979113761880371,0.9790758355815323,0.9790331783349913,0.9789851856838276,0.9789311721811768,0.9788703595527881,0.9788018628744907,0.9787246743667055,0.9786376443140049,0.9785394584952174,0.9784286113528595,0.978303373927041,0.9781617553128451,0.9780014560498336,0.9778198113872744,0.9776137217463,0.9773795668597218,0.9771130989252906,0.9768093085313316,0.9764622549227777,0.9760648490942336,0.9756085738165704,0.9750831184011097,0.9744758968239885,0.9737714042884157,0.9729503470604902,0.9719884497830913,0.9708547975734093,0.9695094977017922,0.9679003328957186,0.9659579032882998,0.9635884868959474,0.9606634605104724,0.9570036305260546,0.952356446957421,0.946364722306596,0.9385299582479529,0.9281882520542362,0.9145496607066502,0.8968844480323763,0.8748744529694248,0.848911441197535,0.8200240461626593,0.7894811436369822,0.7584283846868672,0.7277380893497241,0.6980115998114446,0.6696350449393876
0.9817599570993971,0.9817531020404058,0.9817454068296324,0.9817367679896237,0.9817270691659404,0.9817161794904111,0.9817039517274767,0.9816902201726022,0.9816747982667356,0.9816574758848403,0.9816380162494308,0.9816161524115259,0.9815915832311782,0.9815639687773208,0.9815329250515713,0.9814980179221664,0.9814587561315031,0.9814145832127217,0.9813648681159179,0.9813088943010436,0.9812458469998326,0.9811747982799269,0.981094689456368,0.9810043102829636,0.9809022742108129,0.9807869888128083,0.9806566202265239,0.9805090501432988,0.9803418234402898,0.9801520839749366,0.979936495281602,0.9796911418459475,0.9794114051680776,0.9790918067857524,0.9787258075594333,0.9783055484357334,0.9778215120185016,0.9772620756867463,0.9766129142978279,0.9758561914879301,0.9749694497015335,0.9739240646941658,0.9726830612943514,0.9711979792861989,0.9694043092606518,0.967214756950513,0.9645092067985827,0.9611197414813724,0.9568086104024711,0.9512374326603823,0.9439297956510758,0.9342432514358563,0.9213991970842504,0.9046555913268088,0.8836522984376073,0.8587228355577801,0.8308433711340545,0.8012470665905551,0.7710601606601813,0.7411480600811235,0.7121137421976348
0.9839092858457531,0.9839036662212525,0.983897358181994,0.9838902770230323,0.9838823275202473,0.9838734025988966,0.9838633818271467,0.9838521297099095,0.9838394937544162,0.9838253022743462,0.9838093618938517,0.9837914547062654,0.9837713350344363,0.9837487257301767,0.9837233139388551,0.9836947462412383,0.9836626230676478,0.9836264922585564,0.9835858416198663,0.9835400902889475,0.9834885786873176,0.9834305567853129,0.9833651703402274,0.9832914446879237,0.9832082655642609,0.9831143562975877,0.9830082505400863,0.9828882594772139,0.9827524321541834,0.9825985071591887,0.9824238533681592,0.9822253967326621,0.9819995291056206,0.9817419937390687,0.9814477401927719,0.981110738723439,0.9807237404180272,0.9802779638458047,0.9797626809780002,0.9791646632385655,0.9784674307023115,0.9776502202921428,0.9766865469324129,0.975542166243908,0.9741721444650298,0.9725165788649244,0.9704942578854066,0.9679931663161566,0.9648562132584656,0.9608600265715798,0.9556848250126356,0.9488766856290759,0.9398163039570678,0.9277400783327939,0.9118989765418724,0.8918954792133735,0.8680057868326314,0.8411506236878276,0.8125228446121072,0.783225168798546,0.7541132280194672
0.9858253169219894,0.9858207105843837,0.985815540198734,0.9858097364241204,0.9858032213243869,0.9857959072843299,0.985787695784468,0.9857784760147225,0.9857681233042896,0.9857564973414016,0.9857434401524184,0.985728773804674,0.9857122977912695,0.9856937860493699,0.9856729835538298,0.985649602418442,0.9856233174236486,0.9855937608740246,0.9855605166695292,0.9855231134506202,0.9854810166476575,0.9854336192279315,0.9853802308869921,0.9853200653719809,0.9852522255495357,0.9851756857346853,0.9850892706730333,0.984991630407417,0.9848812100493914,0.9847562131979207,0.9846145573782024,0.9844538193782776,0.9842711676909844,0.9840632783543972,0.9838262292209562,0.983555365927038,0.9832451303532493,0.9828888388265422,0.9824783922017074,0.982003892475652,0.9814531294822677,0.9808108845081616,0.980057972173013,0.9791699024757707,0.9781149831172147,0.9768515844416027,0.9753241339329646,0.9734571616632249,0.9711463409947751,0.9682449348855041,0.9645434693806914,0.9597404286620502,0.9534045447903021,0.9449409669276858,0.9336043060687914,0.9186435897517344,0.899628730608146,0.8767802040225543,0.8509610120369433,0.8233195731554115,0.7949311751405246
0.9875306006009408,0.9875268252701841,0.987522587822549,0.9875178314930966,0.9875124924922173,0.9875064991228807,0.9874997707834723,0.9874922168405008,0.9874837353530634,0.9874742116281632,0.9874635165826542,0.9874515048836942,0.9874380128349125,0.987422855969957,0.9874058263084139,0.9873866892210585,0.9873651798416719,0.9873409989508122,0.987313808242452,0.9872832248665796,0.9872488151188445,0.9872100871209606,0.9871664823013481,0.9871173654424774,0.987062013006911,0.9869995993847384,0.9869291806162676,0.9868496750292561,0.9867598400810963,0.986658244501545,0.9865432345746287,0.9864128930565969,0.9862649887688002,0.9860969142837177,0.985905608275521,0.985687457936534,0.9854381752292481,0.9851526384406231,0.9848246872173575,0.984446854503392,0.9840100118312853,0.9835028940591343,0.9829114540299132,0.9822179737478801,0.9813998216165605,0.9804276870310943,0.979263031021002,0.9778543435178396,0.976131561676139,0.9739976358794632,0.9713156958254101,0.9678896397301249,0.9634357766680682,0.9575454482845065,0.9496492135741939,0.9390226525988586,0.9249175768794545,0.9068762732075567,0.8850656862063373,0.860289536063032,0.8336481904853931
0.9890459489898424,0.989042855107392,0.989039382647922,0.989035485141355,0.9890311103755088,0.9890261996767349,0.9890206870978875,0.9890144985010378,0.9890075505204624,0.9889997493892391,0.9889909896102137,0.9889811524490404,0.9889701042234088,0.9889576943582783,0.9889437531718247,0.9889280893506671,0.9889104870655321,0.9888907026695669,0.9888684609105869,0.9888434505752038,0.9888153194663716,0.9887836685955749,0.988748045445673,0.9887079361288318,0.9886627562243093,0.9886118400306206,0.9885544279026612,0.9884896512623988,0.988416514765974,0.9883338749726018,0.9882404146807275,0.9881346118594801,0.9880147017876837,0.9878786305889811,0.9877239977779682,0.9875479846479838,0.9873472642481003,0.9871178871846393,0.9868551353474213,0.9865533326080878,0.9862055971195696,0.9858035133608307,0.9853366924222184,0.9847921744556933,0.984153604885055,0.9834000812393464,0.9825045126907996,0.9814312469283951,0.9801325783146871,0.9785435251720755,0.9765739075095238,0.9740962271630308,0.9709271949158608,0.9668004174685807,0.9613296173892479,0.9539713939871222,0.9440246026413723,0.9307481861564764,0.9136617781907094,0.892881518949343,0.8691510052128981
0.9903904986712375,0.9903879635348375,0.9903851182848683,0.9903819248793518,0.9903783405819144,0.990374317375303,0.9903698012997696,0.9903647317062181,0.9903590404125325,0.9903526507497714,0.9903454764829015,0.9903374205883575,0.9903283738679223,0.9903182133750997,0.9903068006262054,0.9902939795636959,0.990279574233595,0.990263386132063,0.9902451911679053,0.9902247361777596,0.9902017349184109,0.9901758634455587,0.9901467547696593,0.9901139926562074,0.9900771044087395,0.9900355524362505,0.9899887243604022,0.9899359213589328,0.9898763443660572,0.9898090776531066,0.9897330691855573,0.9896471069872957,0.9895497905223561,0.9894394958141618,0.9893143326298597,0.9891720915273874,0.9890101778375748,0.9888255286513731,0.9886145074822802,0.9883727692955955,0.9880950857659772,0.9877751165234188,0.9874051061238263,0.986975477502595,0.9864742790953803,0.985886421965224,0.9851926107788741,0.9843678210691605,0.983379092844037,0.982182277405107,0.9807171586176693,0.9789000261207168,0.9766122578378033,0.9736827946638507,0.969861944882838,0.9647854268352501,0.9579362155433945,0.9486383113507854,0.9361617213099918,0.9200083387284278,0.9002466763977082
0.9915817821790442,0.9915797051284402,0.9915773740687032,0.9915747578580191,0.9915718215162652,0.9915685257466703,0.9915648263965003,0.99156067384865,0.9915560123348445,0.9915507791597971,0.9915449038241217,0.9915383070316303,0.9915308995653971,0.9915225810128154,0.9915132383184122,0.9915027441385875,0.991490954968438,0.991477709005569,0.9914628237095229,0.9914460930078561,0.9914272840906411,0.9914061337238416,0.9913823439980957,0.9913555774121878,0.9913254511690963,0.9912915305356745,0.9912533210833276,0.9912102595843526,0.9911617032842429,0.9911069172005549,0.9910450590089176,0.9909751609598116,0.9908961081164465,0.9908066120017924,0.9907051784735411,0.9905900682842409,0.9904592482939627,0.9903103306325829,0.9901404961818411,0.989946397452902,0.9897240341021961,0.989468591708094,0.9891742306273442,0.9888338061594026,0.9884384929058077,0.9879772735801543,0.9874362330959845,0.9867975684075072,0.9860381764346693,0.9851276049911489,0.9840250258818263,0.9826746844469347,0.9809989499866529,0.9788875840936204,0.9761811618280412,0.9726460444933588,0.967939430021201,0.9615707414105951,0.9528905778376965,0.9411835047597078,0.9259384457700561
0.9926358069766691,0.9926341054417231,0.992632195870851,0.9926300527716198,0.9926276475129592,0.9926249479348891,0.9926219179087211,0.9926185168411976,0.9926146991150968,0.9926104134577579,0.9926056022277269,0.9926002006082612,0.9925941356947227,0.9925873254608736,0.992579677586721,0.9925710881277471,0.9925614400020129,0.9925506012676435,0.9925384231584058,0.9925247378393104,0.9925093558371848,0.9924920630926366,0.992472617569403,0.992450745344211,0.992426136084739,0.9923984378025669,0.992367250744895,0.9923321202562129,0.9922925284026741,0.9922478841015416,0.9921975114338576,0.9921406357355395,0.9920763669542302,0.9920036796179047,0.9919213885746678,0.991828119414393,0.9917222721502886,0.9916019762841027,0.9914650347619184,0.9913088534695752,0.9911303517199722,0.9909258474902521,0.9906909087400168,0.9904201586191703,0.9901070171906043,0.9897433545501845,0.9893190184888415,0.9888211817572167,0.9882334256881927,0.9875344319268361,0.9866960814242101,0.9856806414340993,0.9844365271887626,0.9828918097830924,0.9809441499038943,0.9784451553909298,0.9751765539940407,0.9708163998382209,0.9649004053022376,0.9568068330503026,0.9458378501013595
0.993567140231175,0.9935657464877622,0.9935641823768988,0.9935624270315191,0.9935604570178646,0.993558246016967,0.9935557644658766,0.993552979153362,0.9935498527640689,0.993546343364267,0.99354240382133,0.9935379811479363,0.9935330157606358,0.993527440640853,0.9935211803845505,0.9935141501245888,0.9935062543072399,0.9934973853012334,0.9934874218140443,0.9934762270857231,0.9934636468252547,0.9934495068479932,0.9934336103648844,0.9934157348645836,0.9933956285177818,0.9933730060184388,0.9933475437584607,0.9933188742096273,0.9932865793579735,0.9932501829996043,0.9932091416607791,0.9931628338459079,0.993110547240653,0.9930514633979414,0.9929846393043761,0.9929089850525201,0.9928232366153705,0.9927259224114797,0.9926153219321368,0.9924894141296607,0.9923458124763794,0.992181682496459,0.9919936360071865,0.991777594062102,0.9915286073270017,0.9912406178192831,0.9909061387618832,0.9905158184062541,0.9900578368685713,0.9895170586639944,0.9888738216217928,0.9881021749217882,0.987167267744608,0.9860214067523329,0.9845980006621975,0.9828021359480079,0.9804958532307024,0.9774755349065305,0.973439382603082,0.9679490403905153,0.9604111406589014
0.9943889975324453,0.9943878560393123,0.9943865750400173,0.9943851374544377,0.9943835241033656,0.9943817134484854,0.9943796812996109,0.9943774004849201,0.9943748404793424,0.9943719669855657,0.9943687414613546,0.9943651205859498,0.9943610556572702,0.9943564919103934,0.9943513677463501,0.9943456138585611,0.994339152242244,0.9943318950697363,0.9943237434118528,0.9943145857820236,0.9943042964758944,0.9942927336741935,0.9942797372707365,0.9942651263802325,0.9942486964717232,0.9942302160626241,0.9942094228948937,0.9941860194981376,0.99415966802353,0.9941299842061024,0.9940965302796014,0.9940588066256213,0.9940162418842018,0.9939681811826759,0.9939138720478834,0.9938524474473216,0.9937829052448645,0.9937040831476,0.9936146279344967,0.9935129573738116,0.9933972127085028,0.993265198859148,0.9931143084724134,0.9929414244964264,0.9927427938900637,0.9925138620572959,0.9922490531542141,0.9919414747660291,0.9915825153464073,0.9911612872022978,0.9906638432936036,0.9900720569763692,0.9893619903418622,0.9885014725130561,0.9874464366266544,0.9861352797132348,0.9844800547162732,0.9823526421244635,0.9795633530590803,0.9758297625498145,0.9707389201698283
0.9951133337306386,0.9951123989431807,0.9951113499315094,0.9951101727159375,0.9951088516000459,0.9951073689583655,0.9951057049974141,0.995103837486642,0.9951017414553726,0.9950993888512791,0.9950967481553198,0.9950937839473238,0.9950904564155926,0.995086720802896,0.9950825267801175,0.9950778177374642,0.9950725299815938,0.9950665918251727,0.9950599225531808,0.9950524312476934,0.9950440154497489,0.9950345596331956,0.9950239334609037,0.9950119897882895,0.9949985623724488,0.9949834632371014,0.9949664796335151,0.9949473705252467,0.9949258625091265,0.9949016450656791,0.9948743650077964,0.994843619966475,0.9948089507115857,0.9947698320579585,0.9947256620400015,0.9946757489549332,0.9946192957637806,0.9945553811932516,0.9944829366869666,0.9944007180929524,0.9943072706194046,0.9942008851045092,0.9940795429728012,0.9939408463082652,0.9937819281380256,0.9935993361053752,0.9933888799232233,0.9931454288891945,0.99286263958904,0.9925325845523647,0.9921452381470538,0.9916877532277897,0.9911434256302293,0.9904901843956584,0.9896983480275947,0.9887272248649318,0.987519866611788,0.9859948494552023,0.9840333125944881,0.981458765346906,0.9780073344111324
